ProDataCSV,,,,,,,,,,,,,
,,,,,,,,,,,,,
Title: NIH13x10_0001.dsx 7552 (revs 1),,,,,,,,,,,,,
,,,,,,,,,,,,,
Remarks:,,,,,,,,,,,,,
HV (CDDC channel),0 v,,,,,,,,,,,,
Time per point,1 s,,,,,,,,,,,,
Description,Sample 1,,,,,,,,,,,,
Concentration,0 M,,,,,,,,,,,,
Validation Date,2/23/23,,,,,,,,,,,,
Instrument Serial Number,CSQ55069,,,,,,,,,,,,
Created, 2023/09/01 13 56 40 (Eastern Standard Time),,,,,,,,,,,,
Revision No 1 saved, 2023/09/01 13 56 40 (Eastern Standard Time),,,,,,,,,,,,
Time Stamp,,,,,,,,,,,,,
File ID,,,,,,,,,,,,,
Is CFR Compliant,TRUE,,,,,,,,,,,,
Is Raw,TRUE,,,,,,,,,,,,
,,,,,,,,,,,,,
Options:,,,,,,,,,,,,,
,,,,,,,,,,,,,
Available Dimensions:,2,,,,,,,,,,,,
Wavelength,Wavelength: 190nm - 260nm, Step Size: 1nm,Bandwidth: 1nm,,,,,,,,,,
Repeat,10 repeats in set., -iter option selected,,,,,,,,,,,
,,,,,,,,,,,,,
Available Properties: ,6,,,,,,,,,,,,
Voltage,,,,,,,,,,,,,
Temperature,,,,,,,,,,,,,
HT,,,,,,,,,,,,,
Count,,,,,,,,,,,,,
CircularDichroism,,,,,,,,,,,,,
Absorbance,,,,,,,,,,,,,
,,,,,,,,,,,,,
Data:,,,,,,,,,,,,,
,,,,,,,,,,,,,
,,,,,,,,,,,,,
Voltage,,,,,,,,,,,,,
Wavelength,Repeat,,,,,,,,,,,,
,0,1,2,3,4,5,6,7,8,9,,,
260,7.85946,7.86419,7.89317,7.87495,7.96494,7.99876,7.88753,7.86891,7.84956,7.93344,,,
259,7.94062,7.96411,8.06717,7.98271,8.05157,8.05106,7.99573,7.92419,7.95926,8.04718,,,
258,8.0287,8.0429,8.10067,8.10011,7.96072,8.18256,8.13037,8.03944,8.06626,7.98846,,,
257,8.11933,8.05191,8.19194,8.05263,8.07942,8.14456,8.19847,8.05198,8.08226,8.12129,,,
256,8.13498,8.11325,8.24619,8.18719,8.13142,8.08202,8.11173,8.04811,8.15179,8.16211,,,
255,8.01572,8.10673,8.00932,8.03365,8.10013,8.18065,7.93463,7.99311,8.01293,8.26276,,,
254,8.11718,8.10476,8.08606,8.12411,7.97356,8.04122,8.03218,8.08957,8.09141,8.04799,,,
253,8.11408,8.11546,8.08845,8.12789,8.05453,8.02182,8.26742,8.02364,8.09198,8.12248,,,
252,8.11955,8.14545,8.1089,7.98096,8.14239,8.19563,8.14541,8.01544,8.05048,8.18993,,,
251,8.13588,8.1598,8.06964,8.02494,8.01471,8.05943,8.07582,8.10841,8.0176,8.08388,,,
250,8.14087,8.097,8.12009,8.07273,8.11594,8.13128,8.15439,8.11909,8.06995,8.19674,,,
249,8.06167,8.07393,8.05813,8.14327,8.18086,7.99181,8.13204,8.13086,8.12544,8.13786,,,
248,8.04493,8.02648,8.16155,8.05507,8.1113,8.02758,8.10333,8.04537,8.01397,8.13753,,,
247,8.11438,8.1458,7.96593,8.10675,8.15744,8.22038,8.14487,8.05162,8.04924,8.11217,,,
246,8.1091,8.21227,8.03873,7.93709,8.13794,8.15764,8.05025,8.11784,8.07722,8.1717,,,
245,8.1052,8.06193,8.05239,7.99352,8.18729,7.98415,8.05253,8.08779,8.03026,8.05898,,,
244,8.15144,8.12385,8.10124,8.02395,8.14238,8.09853,8.06886,8.12534,8.05877,8.05918,,,
243,8.03395,8.17174,8.21662,8.10306,8.0442,8.09519,8.11741,8.16439,8.11921,8.09146,,,
242,8.06116,8.02367,8.10851,8.04688,8.03017,8.05343,8.13321,8.07831,8.02598,8.1325,,,
241,8.03193,8.00137,8.2347,8.02241,8.03229,8.03624,8.13987,8.06346,8.01335,8.15023,,,
240,8.13377,7.93741,8.06282,8.01866,7.96848,8.0373,8.0894,8.02096,7.97166,8.1037,,,
239,8.05448,7.85924,8.03118,7.93214,7.90209,8.01074,8.01121,7.91551,7.93481,8.02568,,,
238,7.94528,7.86194,7.94583,7.8329,7.90037,7.90416,7.90636,7.87102,7.84551,7.93253,,,
237,7.78726,7.79341,7.82047,8.01403,7.80711,7.90385,7.95666,7.95741,7.80462,7.88354,,,
236,7.89854,7.8017,7.81869,7.84032,7.86902,7.91588,7.94462,7.9798,7.94623,7.79506,,,
235,7.91561,7.93243,7.92195,7.93237,7.88442,7.91888,7.95823,7.90672,7.79328,7.81978,,,
234,7.89804,7.86473,7.95997,7.80169,7.87476,7.90591,8.00415,7.92663,7.9903,7.87964,,,
233,7.90102,7.84722,7.87945,7.95951,7.88578,7.8826,7.92003,7.88481,7.92061,7.82754,,,
232,7.88406,7.88402,7.88467,7.914,7.91052,7.91544,7.94617,7.9187,7.86514,8.01724,,,
231,8.04892,7.95486,7.91502,7.85729,7.91141,7.86923,7.88784,7.84732,7.89391,7.86272,,,
230,7.87604,7.88265,7.85214,7.86758,7.89824,7.75531,7.97702,7.77516,7.84492,7.96545,,,
229,7.97681,7.95141,7.8888,7.83079,7.86271,7.88518,7.89136,7.92519,7.95499,7.85575,,,
228,8.00577,7.92722,7.94125,7.95285,7.96018,7.79254,7.96127,7.95733,7.88904,7.77678,,,
227,7.83969,7.88889,7.85809,7.87131,7.88164,7.90503,7.86056,7.92494,7.9122,7.96679,,,
226,7.88208,7.91399,7.94349,7.87351,7.77855,7.74038,7.93588,7.89392,7.96737,7.87686,,,
225,7.91144,7.89807,7.84851,8.0022,7.90241,7.9631,7.82058,7.92338,7.79144,7.95506,,,
224,7.86522,7.91536,7.86378,7.90103,7.8702,7.81226,7.80816,7.86555,7.89149,7.85702,,,
223,7.84132,7.86776,7.98837,7.80219,7.80533,7.95179,7.89544,7.85287,7.88596,7.92867,,,
222,7.79898,7.92976,7.83517,7.93686,7.87785,7.85457,7.89055,7.91975,7.78487,7.95288,,,
221,7.93001,7.89236,7.87118,7.87882,7.89894,7.80587,7.8612,7.88667,7.93509,7.88239,,,
220,7.9017,7.90613,7.94442,7.90363,7.87298,7.87974,7.7688,7.85988,7.7978,7.8806,,,
219,7.9714,7.91704,7.84151,7.79531,7.86615,7.92403,7.92357,7.97218,7.89487,7.9556,,,
218,7.77261,7.86012,7.87693,7.89821,8.00603,7.89196,7.96489,7.97514,7.85897,7.89928,,,
217,7.87099,7.82823,7.8058,7.95154,7.89121,7.86652,7.87097,7.89826,7.92556,7.88469,,,
216,7.92366,7.88858,7.88882,7.85427,7.8967,7.85548,7.88532,7.86036,7.94066,7.85915,,,
215,7.91905,7.8823,7.94062,7.87822,7.89185,7.91397,7.76435,7.8906,7.87659,7.78442,,,
214,7.81682,7.85625,7.79313,7.91781,7.92316,7.84485,7.85848,7.94333,7.91908,7.88233,,,
213,7.86881,7.86179,7.93045,7.84313,7.93848,7.78082,7.86738,7.91987,7.96273,7.90532,,,
212,7.91842,7.91751,7.98009,7.84261,7.88384,7.89512,7.80039,7.86838,7.73637,7.88254,,,
211,7.91279,7.93743,7.91664,7.87734,7.89245,7.94561,7.83485,7.86203,7.77138,7.9025,,,
210,7.91547,7.87307,7.88928,7.88603,7.92293,7.84288,7.89297,7.81763,7.78017,7.97377,,,
209,7.88603,7.86928,7.90216,7.94959,7.9075,8.00918,7.93329,7.87994,7.96493,7.9113,,,
208,7.87349,7.81767,7.9797,7.88877,7.90579,7.89143,7.89025,7.86206,7.80428,7.92154,,,
207,7.90726,7.85892,7.92837,7.88956,7.87981,7.8363,7.88074,7.84441,7.86095,7.92388,,,
206,7.89416,7.84828,7.89145,7.93721,7.83808,7.89174,7.9191,7.86328,7.92885,7.91821,,,
205,7.9222,7.88739,7.88811,7.93133,7.84112,7.95268,7.85215,7.83611,7.92776,7.91463,,,
204,7.86846,7.89874,7.95602,7.8693,7.81681,7.88509,7.96548,7.77923,7.98511,7.94239,,,
203,7.92501,7.93882,7.89386,7.8582,7.82427,7.80862,7.87124,7.93139,7.8878,7.89829,,,
202,7.85441,7.87519,7.83996,7.86201,7.93998,7.78088,7.91869,7.88525,7.87436,7.91574,,,
201,7.9072,7.83195,7.88968,7.84997,7.91077,7.82215,7.78955,7.835,7.8328,7.84849,,,
200,7.85762,7.98275,7.84951,7.83749,7.93182,7.92101,7.8314,7.94624,7.85841,7.84648,,,
199,7.92447,7.85228,7.99396,7.98149,7.86691,7.94805,7.99618,7.83713,7.99477,7.88145,,,
198,7.9273,7.9043,7.84395,7.8731,7.97929,7.94772,7.8771,7.94711,7.86638,7.86567,,,
197,7.90922,7.88629,7.95255,7.98574,7.86925,7.994,8.04388,7.902,8.05924,7.92721,,,
196,7.93917,7.9435,7.89202,7.91025,7.89599,8.03364,8.01017,7.99431,7.93083,7.82897,,,
195,8.02282,8.06145,8.06421,8.0213,7.92422,8.01047,8.02935,7.95758,7.99529,8.0102,,,
194,8.01612,8.08124,7.80424,7.99284,8.00512,7.47694,7.83297,8.00142,7.77319,7.6055,,,
193,5.53956,5.62362,5.34123,5.47452,5.409,5.18276,5.4023,5.47638,5.31182,5.2836,,,
192,3.85762,4.00104,3.70461,3.79477,3.77261,3.54031,3.80597,3.70272,3.68854,3.6899,,,
191,2.56819,2.78649,2.46365,2.52281,2.49784,2.35168,2.54827,2.47513,2.40671,2.60287,,,
190,1.83638,1.96507,1.66732,1.71083,1.75304,1.6042,1.70823,1.61229,1.62646,1.79085,,,
,,,,,,,,,,,,,
Temperature,,,,,,,,,,,,,
Wavelength,Repeat,,,,,,,,,,,,
,0,1,2,3,4,5,6,7,8,9,,,
260,21.5679,21.6178,21.6178,21.6178,21.6178,21.6178,21.6677,21.6677,21.6677,21.7177,,,
259,21.5679,21.6178,21.6178,21.6178,21.6178,21.6677,21.6677,21.6677,21.7177,21.7177,,,
258,21.5679,21.5679,21.6178,21.6178,21.6178,21.6178,21.7177,21.6677,21.7177,21.7177,,,
257,21.5679,21.5679,21.6178,21.6178,21.6178,21.6178,21.6677,21.6677,21.7177,21.7177,,,
256,21.5679,21.5679,21.5679,21.6178,21.6178,21.6178,21.6677,21.7177,21.6677,21.7177,,,
255,21.5679,21.5679,21.6178,21.6178,21.6178,21.6178,21.6677,21.6677,21.7177,21.7177,,,
254,21.5679,21.5679,21.6178,21.6178,21.6178,21.6178,21.6677,21.6677,21.7177,21.7177,,,
253,21.5679,21.5679,21.5679,21.6178,21.6178,21.6178,21.6677,21.6677,21.7177,21.7177,,,
252,21.5679,21.5679,21.6178,21.5679,21.6178,21.6178,21.6677,21.6677,21.7177,21.7177,,,
251,21.5679,21.5679,21.5679,21.6178,21.6178,21.6178,21.6677,21.6677,21.7177,21.7177,,,
250,21.5679,21.5679,21.5679,21.6178,21.6178,21.6677,21.6677,21.6677,21.6677,21.7177,,,
249,21.5679,21.6178,21.6178,21.6178,21.6178,21.6178,21.6677,21.6677,21.7177,21.7177,,,
248,21.5679,21.5679,21.6178,21.6178,21.6178,21.6178,21.6677,21.6677,21.7177,21.7177,,,
247,21.5679,21.5679,21.5679,21.6178,21.6178,21.6677,21.7177,21.6677,21.7177,21.7177,,,
246,21.5679,21.5679,21.6178,21.6178,21.6178,21.6178,21.6677,21.6677,21.7676,21.7177,,,
245,21.5679,21.5679,21.6178,21.5679,21.6178,21.6178,21.6677,21.6677,21.7177,21.7177,,,
244,21.5679,21.5679,21.5679,21.6178,21.6178,21.6178,21.6677,21.6677,21.7177,21.7177,,,
243,21.6178,21.5679,21.5679,21.6178,21.6178,21.6178,21.6677,21.6677,21.7177,21.7177,,,
242,21.5679,21.5679,21.6178,21.6178,21.6178,21.6178,21.6677,21.6677,21.6677,21.7177,,,
241,21.5679,21.5679,21.5679,21.5679,21.6178,21.6178,21.6178,21.6677,21.7177,21.7177,,,
240,21.5679,21.5679,21.6178,21.6178,21.6178,21.6677,21.6677,21.6677,21.7177,21.6677,,,
239,21.5679,21.5679,21.5679,21.6178,21.6178,21.6677,21.6677,21.6677,21.7177,21.7177,,,
238,21.5679,21.5679,21.5679,21.6178,21.6178,21.6178,21.6677,21.6677,21.7177,21.7177,,,
237,21.5679,21.5679,21.6178,21.6178,21.6178,21.6677,21.6677,21.6677,21.7177,21.7177,,,
236,21.5679,21.6178,21.5679,21.6178,21.6178,21.6178,21.6677,21.6677,21.6677,21.7177,,,
235,21.5679,21.5679,21.5679,21.6178,21.6178,21.6178,21.6677,21.6677,21.7177,21.7177,,,
234,21.6178,21.5679,21.5679,21.6178,21.6178,21.6178,21.6677,21.6677,21.7177,21.7177,,,
233,21.5679,21.5679,21.6178,21.6178,21.6677,21.6677,21.6677,21.7177,21.7177,21.7177,,,
232,21.5679,21.5679,21.6178,21.6178,21.6178,21.6178,21.6178,21.6677,21.7177,21.7177,,,
231,21.5679,21.5679,21.5679,21.6178,21.6178,21.6178,21.6677,21.6677,21.7177,21.7177,,,
230,21.5679,21.5679,21.5679,21.6178,21.6178,21.6677,21.6677,21.6677,21.7177,21.7177,,,
229,21.5679,21.5679,21.5679,21.6178,21.6178,21.6178,21.6677,21.6677,21.7177,21.7177,,,
228,21.5679,21.5679,21.5679,21.6178,21.6178,21.6178,21.6677,21.6677,21.7177,21.7177,,,
227,21.5679,21.5679,21.5679,21.6178,21.6178,21.6677,21.6677,21.6677,21.7177,21.7177,,,
226,21.5679,21.6178,21.5679,21.6677,21.6178,21.6178,21.6677,21.6677,21.7177,21.7177,,,
225,21.5679,21.5679,21.5679,21.6178,21.6178,21.6677,21.6677,21.6677,21.7177,21.7177,,,
224,21.5679,21.5679,21.5679,21.6178,21.6178,21.6677,21.6677,21.6677,21.7177,21.7177,,,
223,21.5679,21.5679,21.6178,21.6178,21.6178,21.6178,21.6677,21.6677,21.7177,21.7177,,,
222,21.5679,21.5679,21.5679,21.6178,21.6178,21.6677,21.6677,21.7676,21.7177,21.7177,,,
221,21.5679,21.5679,21.5679,21.5679,21.6178,21.6178,21.6677,21.7177,21.7177,21.7177,,,
220,21.5679,21.5679,21.6178,21.6178,21.6178,21.6178,21.6677,21.6677,21.7177,21.7177,,,
219,21.5679,21.5679,21.6178,21.6178,21.6178,21.6677,21.6677,21.6677,21.7177,21.7177,,,
218,21.5679,21.5679,21.5679,21.6178,21.6178,21.6677,21.6677,21.6677,21.7177,21.7177,,,
217,21.5679,21.6178,21.518,21.6178,21.6178,21.6677,21.6677,21.6677,21.7177,21.8175,,,
216,21.5679,21.5679,21.6178,21.5679,21.6178,21.6677,21.6677,21.6677,21.7177,21.7177,,,
215,21.5679,21.6178,21.5679,21.6178,21.6178,21.6677,21.6677,21.6677,21.7177,21.8175,,,
214,21.5679,21.6178,21.6178,21.6178,21.6178,21.6677,21.6677,21.6677,21.7177,21.7177,,,
213,21.5679,21.6178,21.5679,21.6178,21.6677,21.6178,21.6677,21.6677,21.7177,21.7177,,,
212,21.5679,21.5679,21.6178,21.6178,21.6178,21.6677,21.6677,21.6677,21.7177,21.7177,,,
211,21.5679,21.5679,21.6178,21.6178,21.6178,21.6178,21.6677,21.6677,21.7177,21.7177,,,
210,21.6178,21.5679,21.5679,21.6178,21.6178,21.6677,21.6677,21.7177,21.7177,21.7177,,,
209,21.6178,21.6178,21.5679,21.6178,21.6178,21.6178,21.6677,21.7177,21.7177,21.7177,,,
208,21.5679,21.6178,21.5679,21.6178,21.6178,21.6677,21.6677,21.6677,21.7177,21.7177,,,
207,21.6178,21.5679,21.6178,21.5679,21.6178,21.6178,21.6677,21.6677,21.7177,21.7177,,,
206,21.6178,21.6178,21.5679,21.6178,21.6178,21.6677,21.6677,21.7177,21.7177,21.7177,,,
205,21.5679,21.6178,21.6178,21.6178,21.6178,21.6178,21.6677,21.6677,21.7177,21.7177,,,
204,21.5679,21.5679,21.6178,21.6178,21.6178,21.6677,21.6677,21.6677,21.7177,21.7177,,,
203,21.5679,21.5679,21.5679,21.6178,21.6178,21.6677,21.6677,21.7177,21.7177,21.7177,,,
202,21.5679,21.6178,21.6178,21.6178,21.6178,21.6677,21.6677,21.6677,21.7177,21.7676,,,
201,21.5679,21.5679,21.5679,21.5679,21.6178,21.6677,21.6677,21.7177,21.7177,21.7177,,,
200,21.5679,21.6178,21.6178,21.6178,21.6178,21.6677,21.6677,21.7177,21.7177,21.7177,,,
199,21.6178,21.5679,21.5679,21.6178,21.6178,21.6677,21.6677,21.7177,21.7177,21.7177,,,
198,21.5679,21.6178,21.6178,21.6178,21.6178,21.6677,21.6677,21.6677,21.7177,21.7177,,,
197,21.5679,21.5679,21.6178,21.6178,21.6178,21.6178,21.6677,21.7177,21.7177,21.7676,,,
196,21.6178,21.5679,21.6178,21.6178,21.6178,21.6677,21.6677,21.6677,21.7177,21.7177,,,
195,21.5679,21.6178,21.6178,21.6178,21.6178,21.6178,21.6677,21.6677,21.7177,21.7177,,,
194,21.5679,21.5679,21.6178,21.6178,21.6178,21.6677,21.7177,21.6677,21.7177,21.7177,,,
193,21.5679,21.5679,21.6178,21.6178,21.6178,21.6677,21.6677,21.7177,21.7177,21.7177,,,
192,21.5679,21.5679,21.6178,21.6178,21.6178,21.6677,21.6677,21.6677,21.7177,21.7177,,,
191,21.5679,21.5679,21.6178,21.6178,21.6178,21.6178,21.6677,21.7177,21.7177,21.7177,,,
190,21.5679,21.5679,21.6178,21.6178,21.7177,21.6178,21.6677,21.7177,21.7676,21.7676,,,
,,,,,,,,,,,,,
HT,,,,,,,,,,,,,
Wavelength,Repeat,,,,,,,,,,,,
,0,1,2,3,4,5,6,7,8,9,,,
260,518.066,513.962,527.908,521.576,515.579,549.179,529.48,517.288,531.57,543.961,,,
259,518.066,513.962,527.908,521.576,515.579,547.684,529.48,517.288,531.57,543.961,,,
258,517.075,513.962,526.459,521.576,513.779,546.692,529.48,517.288,531.57,541.397,,,
257,516.953,512.939,525.925,520.157,513.779,544.769,528.854,516.51,530.365,540.955,,,
256,516.22,512.939,525.162,520.416,513.55,541.702,527.069,515.732,529.755,539.291,,,
255,514.038,512.085,521.179,517.365,512.65,541.077,523.666,514.16,526.932,538.574,,,
254,514.038,511.292,520.92,517.365,510.437,538.269,523.666,514.16,526.428,534.561,,,
253,512.955,510.361,519.531,516.418,510.437,535.675,524.887,513.214,525.192,533.768,,,
252,512.283,510.132,518.906,514.191,510.345,536.469,522.308,512.497,523.575,533.142,,,
251,511.551,509.491,517.548,513.687,508.652,533.035,520.538,511.932,522.354,530.243,,,
250,510.88,508.148,516.937,513.077,508.53,532.516,520.538,511.398,521.851,529.968,,,
249,509.338,507.141,515.442,513.077,508.53,529.694,519.165,510.666,521.225,528.214,,,
248,508.102,506.088,515.442,511.185,507.065,528.564,517.792,509.155,519.241,526.917,,,
247,508.347,506.821,512.817,511.185,507.065,529.404,517.792,508.881,518.692,525.864,,,
246,507.782,506.821,512.817,509.064,506.409,527.939,515.961,508.881,518.005,525.314,,,
245,507.263,505.188,512.253,509.064,506.409,525.284,515.381,508.148,517.319,523.315,,,
244,507.263,505.188,512.253,509.064,505.829,525.284,514.755,508.148,516.739,522.186,,,
243,506.042,505.188,512.909,509.064,504.578,524.673,514.755,508.148,516.739,522.171,,,
242,506.042,503.967,511.673,508.484,504.639,523.438,514.755,507.477,515.518,521.896,,,
241,506.042,503.967,512.833,508.484,504.639,523.438,514.755,507.477,515.518,521.896,,,
240,507.156,503.967,511.612,508.667,504.639,523.438,514.755,507.477,515.518,521.896,,,
239,507.156,503.967,511.612,508.667,504.639,523.438,514.755,507.477,515.518,521.362,,,
238,507.156,505.127,512.222,508.667,505.905,523.438,514.755,507.996,515.518,521.362,,,
237,507.156,505.844,512.222,511.52,506.409,524.643,516.388,510.284,516.83,522.43,,,
236,509.979,507.812,514.099,512.1,509.14,526.642,518.433,512.466,520.294,523.163,,,
235,512.482,511.185,517.242,515.274,511.368,529.129,520.767,513.962,520.935,525.62,,,
234,515.244,513.55,520.874,516.785,514.16,532.303,524.353,517.288,526.352,529.892,,,
233,518.57,516.861,523.438,522.064,517.731,535.751,527.298,520.493,529.175,532.974,,,
232,522.232,521.011,527.039,525.192,521.698,540.07,531.677,524.841,532.486,538.986,,,
231,528.32,525.955,532.303,528.748,526.001,544.464,535.522,528.214,537.476,541.718,,,
230,530.243,528.9,535.568,533.218,529.648,546.86,540.573,531.601,540.939,547.302,,,
229,536.133,534.5,540.695,537.308,534.042,553.452,544.418,537.857,546.921,550.735,,,
228,541.168,538.864,545.975,543.503,539.642,557.144,550.003,542.831,551.147,554.764,,,
227,543.06,542.206,549.118,546.707,542.587,562.836,553.131,546.646,555.954,561.584,,,
226,547.287,546.448,553.711,550.201,545.212,563.477,557.693,549.866,560.41,563.171,,,
225,551.086,549.332,555.725,555.603,550.247,567.062,559.555,553.482,561.142,565.43,,,
224,553.207,552.734,558.685,556.976,552.567,567.062,562.317,555.634,564.087,566.177,,,
223,555.573,554.626,563.11,557.816,554.565,569.687,564.514,558.426,565.277,568.207,,,
222,557.663,558.456,563.11,562.775,558.319,570.374,565.674,562.027,565.826,569.733,,,
221,562.469,560.699,564.667,563.629,561.157,570.999,566.895,563.538,568.405,570.236,,,
220,563.583,563.141,566.666,565.292,563.141,573.09,567.459,564.835,568.817,571.915,,,
219,565.72,564.728,567.261,565.796,564.438,575.119,570.48,567.2,571.274,573.959,,,
218,565.72,565.887,569.336,568.161,567.2,576.248,572.266,568.97,572.449,575.104,,,
217,568.344,567.184,570.526,570.511,568.314,577.866,573.303,570.129,574.738,576.645,,,
216,570.663,569.687,573.196,571.457,570.145,579.727,575.394,571.701,576.828,578.278,,,
215,572.83,572.067,575.882,574.158,572.479,582.504,576.66,574.28,579.01,579.926,,,
214,574.036,574.036,576.935,576.92,575.104,584.503,579.941,577.286,581.665,583.481,,,
213,577.454,576.92,581.161,579.208,578.369,586.731,582.901,579.987,585.068,586.884,,,
212,581.894,581.177,585.51,582.825,581.421,591.812,586.197,583.191,586.502,590.225,,,
211,586.502,586.136,589.615,587.723,586.06,597.275,591.187,587.708,591.721,595.52,,,
210,592.545,591.507,595.444,594.086,592.545,602.722,598.434,593.643,598.328,602.982,,,
209,600.601,599.93,604.309,603.546,600.922,614.304,607.697,602.951,609.36,611.221,,,
208,612.106,611.176,617.554,614.624,612.885,625.259,619.583,614.929,619.614,624.573,,,
207,627.182,626.48,629.425,628.357,626.724,633.789,631.012,628.22,631.5,633.713,,,
206,638.504,637.665,640.93,640.137,637.909,646.774,643.326,639.847,644.241,646.21,,,
205,655.426,654.358,657.669,657.303,654.068,665.359,659.851,656.357,662.064,663.971,,,
204,678.635,678.406,683.411,680.298,677.475,689.041,686.783,679.886,687.836,688.919,,,
203,700.623,700.363,702.499,701.492,699.89,707.214,704.91,702.255,705.673,707.367,,,
202,724.899,724.884,727.707,727.203,726.013,733.81,731.705,727.89,732.269,734.909,,,
201,756.271,755.341,757.98,757.08,756.47,762.329,759.033,757.217,760.3,762.024,,,
200,783.371,784.439,785.965,784.943,784.485,793.503,788.498,786.88,790.115,791.855,,,
199,819.153,817.932,821.701,820.663,818.527,825.806,823.456,820.145,824.326,824.631,,,
198,850.464,849.411,852.203,851.776,851.166,860.382,855.743,853.256,856.567,858.49,,,
197,886.978,886.185,889.709,889.557,886.81,894.409,891.968,888.992,893.173,893.265,,,
196,924.255,923.492,927.353,927.017,923.676,935.318,930.42,927.811,930.939,931.076,,,
195,959.076,958.359,962.723,961.044,959.274,966.4,963.089,960.892,963.425,964.813,,,
194,998.825,997.07,999.985,999.985,999.985,999.985,999.985,999.985,999.985,999.985,,,
193,999.985,999.985,999.985,999.985,999.985,999.985,999.985,999.985,999.985,999.985,,,
192,999.985,999.985,999.985,999.985,999.985,999.985,999.985,999.985,999.985,999.985,,,
191,999.985,999.985,999.985,999.985,999.985,999.985,999.985,999.985,999.985,999.985,,,
190,999.985,999.985,999.985,999.985,999.985,999.985,999.985,999.985,999.985,999.985,,,
,,,,,,,,,,,,,
Count,,,,,,,,,,,,,
Wavelength,Repeat,,,,,,,,,,,,
,0,1,2,3,4,5,6,7,8,9,,,
260,40000,40000,40000,40000,40000,40000,40000,40000,40000,40000,,,
259,40000,40000,40000,40000,40000,40000,40000,40000,40000,40000,,,
258,40000,40000,40000,40000,40000,40000,40000,40000,40000,40000,,,
257,40000,40000,40000,40000,40000,40000,40000,40000,40000,40000,,,
256,40000,40000,40000,40000,40000,40000,40000,40000,40000,40000,,,
255,40000,40000,40000,40000,40000,40000,40000,40000,40000,40000,,,
254,40000,40000,40000,40000,40000,40000,40000,40000,40000,40000,,,
253,40000,40000,40000,40000,40000,40000,40000,40000,40000,40000,,,
252,40000,40000,40000,40000,40000,40000,40000,40000,40000,40000,,,
251,40000,40000,40000,40000,40000,40000,40000,40000,40000,40000,,,
250,40000,40000,40000,40000,40000,40000,40000,40000,40000,40000,,,
249,40000,40000,40000,40000,40000,40000,40000,40000,40000,40000,,,
248,40000,40000,40000,40000,40000,40000,40000,40000,40000,40000,,,
247,40000,40000,40000,40000,40000,40000,40000,40000,40000,40000,,,
246,40000,40000,40000,40000,40000,40000,40000,40000,40000,40000,,,
245,40000,40000,40000,40000,40000,40000,40000,40000,40000,40000,,,
244,40000,40000,40000,40000,40000,40000,40000,40000,40000,40000,,,
243,40000,40000,40000,40000,40000,40000,40000,40000,40000,40000,,,
242,40000,40000,40000,40000,40000,40000,40000,40000,40000,40000,,,
241,40000,40000,40000,40000,40000,40000,40000,40000,40000,40000,,,
240,40000,40000,40000,40000,40000,40000,40000,40000,40000,40000,,,
239,40000,40000,40000,40000,40000,40000,40000,40000,40000,40000,,,
238,40000,40000,40000,40000,40000,40000,40000,40000,40000,40000,,,
237,40000,40000,40000,40000,40000,40000,40000,40000,40000,40000,,,
236,40000,40000,40000,40000,40000,40000,40000,40000,40000,40000,,,
235,40000,40000,40000,40000,40000,40000,40000,40000,40000,40000,,,
234,40000,40000,40000,40000,40000,40000,40000,40000,40000,40000,,,
233,40000,40000,40000,40000,40000,40000,40000,40000,40000,40000,,,
232,40000,40000,40000,40000,40000,40000,40000,40000,40000,40000,,,
231,40000,40000,40000,40000,40000,40000,40000,40000,40000,40000,,,
230,40000,40000,40000,40000,40000,40000,40000,40000,40000,40000,,,
229,40000,40000,40000,40000,40000,40000,40000,40000,40000,40000,,,
228,40000,40000,40000,40000,40000,40000,40000,40000,40000,40000,,,
227,40000,40000,40000,40000,40000,40000,40000,40000,40000,40000,,,
226,40000,40000,40000,40000,40000,40000,40000,40000,40000,40000,,,
225,40000,40000,40000,40000,40000,40000,40000,40000,40000,40000,,,
224,40000,40000,40000,40000,40000,40000,40000,40000,40000,40000,,,
223,40000,40000,40000,40000,40000,40000,40000,40000,40000,40000,,,
222,40000,40000,40000,40000,40000,40000,40000,40000,40000,40000,,,
221,40000,40000,40000,40000,40000,40000,40000,40000,40000,40000,,,
220,40000,40000,40000,40000,40000,40000,40000,40000,40000,40000,,,
219,40000,40000,40000,40000,40000,40000,40000,40000,40000,40000,,,
218,40000,40000,40000,40000,40000,40000,40000,40000,40000,40000,,,
217,40000,40000,40000,40000,40000,40000,40000,40000,40000,40000,,,
216,40000,40000,40000,40000,40000,40000,40000,40000,40000,40000,,,
215,40000,40000,40000,40000,40000,40000,40000,40000,40000,40000,,,
214,40000,40000,40000,40000,40000,40000,40000,40000,40000,40000,,,
213,40000,40000,40000,40000,40000,40000,40000,40000,40000,40000,,,
212,40000,40000,40000,40000,40000,40000,40000,40000,40000,40000,,,
211,40000,40000,40000,40000,40000,40000,40000,40000,40000,40000,,,
210,40000,40000,40000,40000,40000,40000,40000,40000,40000,40000,,,
209,40000,40000,40000,40000,40000,40000,40000,40000,40000,40000,,,
208,40000,40000,40000,40000,40000,40000,40000,40000,40000,40000,,,
207,40000,40000,40000,40000,40000,40000,40000,40000,40000,40000,,,
206,40000,40000,40000,40000,40000,40000,40000,40000,40000,40000,,,
205,40000,40000,40000,40000,40000,40000,40000,40000,40000,40000,,,
204,40000,40000,40000,40000,40000,40000,40000,40000,40000,40000,,,
203,40000,40000,40000,40000,40000,40000,40000,40000,40000,40000,,,
202,40000,40000,40000,40000,40000,40000,40000,40000,40000,40000,,,
201,40000,40000,40000,40000,40000,40000,40000,40000,40000,40000,,,
200,40000,40000,40000,40000,40000,40000,40000,40000,40000,40000,,,
199,40000,40000,40000,40000,40000,40000,40000,40000,40000,40000,,,
198,40000,40000,40000,40000,40000,40000,40000,40000,40000,40000,,,
197,40000,40000,40000,40000,40000,40000,40000,40000,40000,40000,,,
196,40000,40000,40000,40000,40000,40000,40000,40000,40000,40000,,,
195,40000,40000,40000,40000,40000,40000,40000,40000,40000,40000,,,
194,40000,40000,40000,40000,40000,40000,40000,40000,40000,40000,,,
193,40000,40000,40000,40000,40000,40000,40000,40000,40000,40000,,,
192,40000,40000,40000,40000,40000,40000,40000,40000,40000,40000,,,
191,40000,40000,40000,40000,40000,40000,40000,40000,40000,40000,,,
190,40000,40000,40000,40000,40000,40000,40000,40000,40000,40000,,,
,,,,,,,,,,,,,
CircularDichroism,,,,,,,,,,,,,
Wavelength,Repeat,,,,,,,,,,,,
,0,1,2,3,4,5,6,7,8,9,,,
260,-0.0982702,-0.200326,-0.294747,-0.301372,-0.153942,-0.249709,-0.196568,-0.102039,-0.113691,-0.135197,,260,-102.5478444
259,-0.207199,-0.113027,-0.121489,-0.281219,-0.291424,0.00993222,-0.176694,-0.0185764,-0.181884,-0.171278,,259,-86.26989889
258,-0.1858,-0.34484,-0.152895,-0.21458,-0.168028,-0.0515281,-0.335763,-0.11504,-0.107008,-0.12558,,258,-100.0590056
257,-0.208072,-0.249471,-0.293841,-0.23154,-0.306671,0.0281975,-0.223686,-0.273481,-0.0402956,-0.0901347,,257,-104.9441556
256,-0.037867,-0.261951,-0.172602,-0.342572,-0.166764,-0.169873,-0.183094,-0.181949,-0.223683,-0.0129752,,256,-97.40723333
255,-0.124861,-0.206733,-0.316111,-0.0754273,-0.120511,-0.0726124,-0.250305,-0.138072,0.0229053,-0.164563,,255,-80.34946667
254,-0.141518,-0.246452,-0.191437,-0.0252726,-0.129658,-0.22232,-0.172061,-0.082553,-0.195849,-0.0907887,,254,-83.21718333
253,-0.253083,-0.160967,-0.283043,-0.36507,-0.324801,-0.219373,-0.215039,-0.230293,-0.0976801,-0.260278,,253,-133.8681722
252,-0.144597,-0.239561,-0.190657,-0.325649,-0.344696,-0.254204,-0.284761,-0.33903,-0.274958,-0.298819,,252,-149.8295556
251,-0.208332,-0.0975027,-0.321226,-0.476958,-0.338304,-0.272758,-0.306916,-0.239294,-0.411884,-0.244483,,251,-162.0920944
250,-0.309167,-0.23118,-0.239062,-0.301808,-0.398634,-0.187568,-0.122425,-0.280621,-0.444156,-0.120247,,250,-146.3815556
249,-0.412391,-0.294684,-0.220047,-0.379348,-0.448556,-0.326756,-0.477322,-0.352156,-0.439626,-0.358993,,249,-206.1043889
248,-0.326557,-0.391327,-0.379589,-0.464251,-0.499717,-0.449283,-0.3371,-0.473392,-0.427836,-0.354602,,248,-227.9807778
247,-0.50424,-0.635968,-0.50591,-0.636313,-0.440124,-0.410895,-0.564781,-0.667456,-0.368821,-0.319562,,247,-280.7816667
246,-0.548464,-0.529079,-0.493233,-0.503632,-0.435432,-0.483908,-0.463127,-0.463684,-0.641099,-0.436291,,246,-277.6638333
245,-0.691172,-0.682065,-0.619487,-0.524356,-0.704639,-0.655672,-0.386641,-0.658474,-0.615311,-0.521829,,245,-336.647
244,-0.606894,-0.680772,-0.676726,-0.727126,-0.639221,-0.786715,-0.487592,-0.727878,-0.55289,-0.551329,,244,-357.6190556
243,-0.758489,-0.845115,-0.918564,-0.859866,-0.814287,-0.809123,-0.914867,-0.697766,-0.818315,-0.870865,,243,-461.5142778
242,-0.924815,-0.944937,-0.875591,-0.901918,-0.946213,-0.905173,-0.902165,-0.901679,-0.909739,-0.883603,,242,-505.3240556
241,-1.07583,-1.03597,-1.06452,-1.15505,-1.07834,-0.950863,-1.03863,-0.989547,-0.897671,-1.04714,,241,-574.0867222
240,-1.13605,-1.20205,-1.26415,-1.11435,-1.22091,-1.31518,-1.33769,-1.17196,-1.29051,-1.038,,240,-671.7138889
239,-1.27039,-1.41408,-1.3277,-1.2423,-1.36487,-1.52409,-1.41559,-1.48711,-1.43153,-1.39394,,239,-770.6444444
238,-1.6515,-1.80809,-1.71626,-1.51598,-1.65655,-1.75886,-1.5312,-1.5783,-1.70109,-1.71963,,238,-924.3033333
237,-1.97104,-2.03396,-1.88908,-1.97451,-2.00008,-2.11331,-1.97172,-2.1111,-1.96363,-2.26207,,237,-1127.25
236,-2.52576,-2.58417,-2.43833,-2.49066,-2.54287,-2.5204,-2.57848,-2.25538,-2.16905,-2.42524,,236,-1362.796667
235,-3.0269,-3.07346,-3.12717,-3.02666,-3.07357,-2.96863,-3.10517,-3.12405,-2.94019,-2.97591,,235,-1691.206111
234,-3.88374,-3.73441,-3.82473,-3.89918,-3.87561,-3.81831,-3.76393,-3.78281,-3.81634,-3.6984,,234,-2116.525556
233,-4.68899,-4.69627,-4.76937,-4.78648,-4.7902,-4.37228,-4.48943,-4.48517,-4.46978,-4.51651,,233,-2559.137778
232,-5.63681,-5.50794,-5.43866,-5.3508,-5.58848,-5.43845,-5.19501,-5.35448,-5.11605,-5.35746,,232,-2999.118889
231,-6.36863,-6.14247,-6.16377,-6.04097,-6.08281,-6.25143,-6.02059,-6.17045,-6.264,-6.07985,,231,-3421.387222
230,-6.94127,-6.92022,-6.92933,-6.85293,-6.98562,-6.84799,-6.609,-6.69662,-6.71945,-6.74208,,230,-3791.361667
229,-7.26639,-7.48541,-7.176,-7.32427,-7.22799,-7.24023,-7.16713,-7.41114,-7.22937,-7.15113,,229,-4037.725556
228,-7.77249,-7.9278,-7.97388,-7.62891,-7.85091,-7.65322,-7.72812,-7.59437,-7.90079,-7.67571,,228,-4317.011111
227,-8.27837,-8.16422,-8.27475,-8.32386,-8.12827,-8.18682,-8.13388,-8.23798,-8.11217,-8.04089,,227,-4548.956111
226,-8.54445,-8.72019,-8.55708,-8.64588,-8.74317,-8.47604,-8.65726,-8.57982,-8.64366,-8.86607,,226,-4801.867778
225,-9.10074,-9.00603,-8.94959,-9.19894,-9.44934,-9.0395,-9.00871,-9.27687,-9.47002,-9.20097,,225,-5094.483889
224,-9.78705,-9.44463,-9.68266,-9.72216,-9.69821,-9.95482,-9.78746,-9.75826,-9.81464,-9.70454,,224,-5408.579444
223,-9.99531,-10.3242,-10.1459,-10.2704,-10.1437,-10.0057,-10.2331,-10.5929,-10.2279,-10.0185,,223,-5664.311667
222,-10.7311,-10.8438,-10.7497,-10.7233,-10.7644,-10.9957,-10.6556,-10.5848,-10.8467,-10.6889,,222,-5976.888889
221,-10.862,-11.2235,-11.1449,-11.3213,-11.1257,-11.3928,-10.9804,-11.2769,-11.4281,-11.0401,,221,-6210.872222
220,-11.836,-11.6131,-11.2558,-11.4149,-11.7774,-11.5081,-11.8339,-11.7881,-11.7545,-11.7849,,220,-6475.927778
219,-11.8236,-11.9525,-12.0721,-12.1158,-12.0827,-11.986,-12.0857,-12.117,-12.0885,-12.1178,,219,-6691.205556
218,-12.5095,-12.5097,-12.3115,-12.4688,-12.413,-12.3915,-12.7219,-12.4123,-12.5984,-12.5942,,218,-6940.6
217,-12.5399,-12.5244,-12.5996,-12.5145,-12.3356,-12.8783,-12.7384,-12.8325,-12.6981,-12.9624,,217,-7034.65
216,-12.7274,-12.5905,-12.9245,-12.7283,-13.0127,-13.0741,-12.9514,-13.3029,-13.0028,-13.065,,216,-7187.755556
215,-13.1047,-12.9747,-12.9099,-12.9517,-13.231,-12.9954,-13.1631,-13.3255,-13.1243,-13.3527,,215,-7285.166667
214,-13.1419,-13.1052,-13.003,-13.1877,-13.2591,-13.0007,-13.0429,-13.1555,-13.1557,-13.314,,214,-7298.094444
213,-13.4489,-12.7827,-13.2591,-13.517,-13.5688,-13.3785,-13.4166,-13.5574,-13.2759,-13.654,,213,-7436.605556
212,-13.4955,-13.4716,-13.6502,-13.1493,-13.4845,-13.3522,-13.4401,-13.2751,-13.611,-13.437,,212,-7464.805556
211,-13.7735,-13.6326,-13.8008,-13.7788,-13.7135,-14.0241,-14.0278,-13.5482,-13.6519,-13.9195,,211,-7659.483333
210,-13.9192,-14.0848,-13.9037,-14.2007,-14.2433,-14.2539,-14.008,-14.1482,-14.286,-13.9889,,210,-7835.372222
209,-14.182,-14.0171,-14.2651,-14.1535,-14.2845,-14.2074,-14.4717,-14.4163,-14.5497,-14.302,,209,-7936.072222
208,-14.329,-14.3313,-14.3623,-14.5941,-14.6718,-14.0345,-14.6642,-14.4028,-14.4522,-14.5108,,208,-8019.611111
207,-13.6869,-14.0285,-14.2864,-14.1852,-14.0057,-14.433,-14.3326,-14.2502,-14.3582,-14.0733,,207,-7868.888889
206,-13.8176,-13.4368,-13.6822,-13.4527,-13.8012,-13.5729,-13.5745,-13.8969,-13.6187,-13.6129,,206,-7581.466667
205,-12.6354,-12.7767,-12.4245,-12.52,-12.6257,-12.756,-12.415,-12.3944,-12.7484,-12.4859,,205,-6987.888889
204,-11.5701,-11.4303,-11.3303,-11.1003,-11.2083,-11.3823,-11.2274,-11.3779,-11.1323,-11.4829,,204,-6291.227778
203,-9.79227,-9.42369,-9.56262,-10.4194,-9.3349,-9.76808,-9.98237,-10.0044,-9.89189,-9.55081,,203,-5429.468333
202,-7.4746,-7.91058,-8.08024,-8.43373,-7.55939,-7.88981,-8.05703,-7.59356,-8.14069,-7.72959,,202,-4381.623333
201,-5.76919,-5.19343,-4.92968,-5.84871,-5.55114,-5.70034,-5.41152,-5.80648,-4.91995,-5.89766,,201,-3057.116667
200,-2.5469,-2.59566,-3.33868,-3.3283,-3.15728,-2.21989,-2.92876,-2.77198,-3.21452,-3.05478,,200,-1619.819444
199,-0.999477,-0.123034,-0.113881,-0.298595,1.06271,0.409114,-0.990444,-0.506633,-0.330046,0.209378,,199,-93.38377778
198,2.21935,2.70709,2.82633,3.21849,3.64454,2.29891,2.87497,3.0909,2.59177,4.24871,,198,1651.17
197,6.66723,6.22966,6.38938,4.97379,6.72256,4.40591,5.30089,6.08341,5.9178,6.66698,,197,3297.645
196,8.47901,9.50061,10.5279,6.49801,7.90962,5.82787,7.31525,9.60288,7.94798,8.55836,,196,4564.860556
195,9.18167,8.3431,12.4116,13.3161,12.9193,10.8943,9.80992,10.8001,11.8647,8.41837,,195,5997.731111
194,14.7083,12.2623,14.4056,11.797,13.4626,13.021,14.7392,10.9167,12.7055,11.0837,,194,7172.327778
193,10.8326,14.1095,15.9483,14.7449,14.3315,12.8215,15.3547,10.0051,13.7324,14.2054,,193,7560.327778
192,15.2823,15.0072,20.7667,15.9979,15.6561,12.938,10.1733,20.0587,16.6809,13.6407,,192,8677.877778
191,18.1575,21.1565,14.2712,14.4755,17.2017,20.0871,14.9507,17.404,11.9608,14.9373,,191,9144.572222
190,14.4217,8.27919,7.16175,3.35221,20.8887,24.4042,12.7659,2.62063,16.5863,1.63051,,190,6228.393889
,,,,,,,,,,,,,
Absorbance,,,,,,,,,,,,,
Wavelength,Repeat,,,,,,,,,,,,
,0,1,2,3,4,5,6,7,8,9,,,
260,0,0,0,0,0,0,0,0,0,0,,,
259,0,0,0,0,0,0,0,0,0,0,,,
258,0,0,0,0,0,0,0,0,0,0,,,
257,0,0,0,0,0,0,0,0,0,0,,,
256,0,0,0,0,0,0,0,0,0,0,,,
255,0,0,0,0,0,0,0,0,0,0,,,
254,0,0,0,0,0,0,0,0,0,0,,,
253,0,0,0,0,0,0,0,0,0,0,,,
252,0,0,0,0,0,0,0,0,0,0,,,
251,0,0,0,0,0,0,0,0,0,0,,,
250,0,0,0,0,0,0,0,0,0,0,,,
249,0,0,0,0,0,0,0,0,0,0,,,
248,0,0,0,0,0,0,0,0,0,0,,,
247,0,0,0,0,0,0,0,0,0,0,,,
246,0,0,0,0,0,0,0,0,0,0,,,
245,0,0,0,0,0,0,0,0,0,0,,,
244,0,0,0,0,0,0,0,0,0,0,,,
243,0,0,0,0,0,0,0,0,0,0,,,
242,0,0,0,0,0,0,0,0,0,0,,,
241,0,0,0,0,0,0,0,0,0,0,,,
240,0,0,0,0,0,0,0,0,0,0,,,
239,0,0,0,0,0,0,0,0,0,0,,,
238,0,0,0,0,0,0,0,0,0,0,,,
237,0,0,0,0,0,0,0,0,0,0,,,
236,0,0,0,0,0,0,0,0,0,0,,,
235,0,0,0,0,0,0,0,0,0,0,,,
234,0,0,0,0,0,0,0,0,0,0,,,
233,0,0,0,0,0,0,0,0,0,0,,,
232,0,0,0,0,0,0,0,0,0,0,,,
231,0,0,0,0,0,0,0,0,0,0,,,
230,0,0,0,0,0,0,0,0,0,0,,,
229,0,0,0,0,0,0,0,0,0,0,,,
228,0,0,0,0,0,0,0,0,0,0,,,
227,0,0,0,0,0,0,0,0,0,0,,,
226,0,0,0,0,0,0,0,0,0,0,,,
225,0,0,0,0,0,0,0,0,0,0,,,
224,0,0,0,0,0,0,0,0,0,0,,,
223,0,0,0,0,0,0,0,0,0,0,,,
222,0,0,0,0,0,0,0,0,0,0,,,
221,0,0,0,0,0,0,0,0,0,0,,,
220,0,0,0,0,0,0,0,0,0,0,,,
219,0,0,0,0,0,0,0,0,0,0,,,
218,0,0,0,0,0,0,0,0,0,0,,,
217,0,0,0,0,0,0,0,0,0,0,,,
216,0,0,0,0,0,0,0,0,0,0,,,
215,0,0,0,0,0,0,0,0,0,0,,,
214,0,0,0,0,0,0,0,0,0,0,,,
213,0,0,0,0,0,0,0,0,0,0,,,
212,0,0,0,0,0,0,0,0,0,0,,,
211,0,0,0,0,0,0,0,0,0,0,,,
210,0,0,0,0,0,0,0,0,0,0,,,
209,0,0,0,0,0,0,0,0,0,0,,,
208,0,0,0,0,0,0,0,0,0,0,,,
207,0,0,0,0,0,0,0,0,0,0,,,
206,0,0,0,0,0,0,0,0,0,0,,,
205,0,0,0,0,0,0,0,0,0,0,,,
204,0,0,0,0,0,0,0,0,0,0,,,
203,0,0,0,0,0,0,0,0,0,0,,,
202,0,0,0,0,0,0,0,0,0,0,,,
201,0,0,0,0,0,0,0,0,0,0,,,
200,0,0,0,0,0,0,0,0,0,0,,,
199,0,0,0,0,0,0,0,0,0,0,,,
198,0,0,0,0,0,0,0,0,0,0,,,
197,0,0,0,0,0,0,0,0,0,0,,,
196,0,0,0,0,0,0,0,0,0,0,,,
195,0,0,0,0,0,0,0,0,0,0,,,
194,0,0,0,0,0,0,0,0,0,0,,,
193,0,0,0,0,0,0,0,0,0,0,,,
192,0,0,0,0,0,0,0,0,0,0,,,
191,0,0,0,0,0,0,0,0,0,0,,,
190,0,0,0,0,0,0,0,0,0,0,,,
,,,,,,,,,,,,,
,,,,,,,,,,,,,
History: ,,,,,,,,,,,,,